{
  "metrics": {
    "base": {
      "avg_reward": 4.24514262676239,
      "std_reward": 0.169973295649609,
      "avg_kl": 0.0,
      "std_kl": 0.0
    },
    "ppo": {
      "avg_reward": 4.199705517292022,
      "std_reward": 0.2892293610775636,
      "avg_kl": 2.202537590265274,
      "std_kl": 0.4831746753063452,
      "win_rate_vs_base": 0.4
    },
    "grpo": {
      "avg_reward": 4.240601122379303,
      "std_reward": 0.2605872928117645,
      "avg_kl": 2.438701182603836,
      "std_kl": 0.5556352732759431,
      "win_rate_vs_base": 0.6
    },
    "dpo": {
      "avg_reward": 4.22779620885849,
      "std_reward": 0.24079435796213547,
      "avg_kl": 2.848434340953827,
      "std_kl": 0.46539889575290894,
      "win_rate_vs_base": 0.6
    }
  },
  "win_rates": {
    "ppo": 0.4,
    "grpo": 0.6,
    "dpo": 0.6
  }
}