{
  "reward": [
    4.400442851543427
  ],
  "kl_divergence": [
    1.3367177734076976
  ],
  "policy_loss": [
    0.0
  ],
  "entropy": [
    4.341281991958618
  ],
  "total_loss": [
    0.02342307084798813
  ]
}